{"loss": [5.161574363708496, 3.7886781692504883, 2.934542417526245, 2.4597599506378174, 2.002490282058716, 1.7873855829238892, 1.7221564054489136, 1.5102611780166626, 1.387336254119873, 1.3187798261642456, 1.2072802782058716, 1.1968106031417847, 1.1084730625152588, 1.0684900283813477, 0.9725337624549866, 0.9283941388130188, 0.8506003618240356, 0.9377434849739075, 0.8631767630577087, 0.7835856676101685, 0.7859205603599548, 0.7839033007621765, 0.7295840382575989, 0.7198499441146851, 0.7130189538002014, 0.6521033048629761, 0.6426444053649902, 0.6026443243026733, 0.5472896099090576, 0.5917685627937317, 0.6253736615180969, 0.539583146572113, 0.5691388249397278, 0.5526976585388184, 0.5162320137023926, 0.5183557271957397, 0.5416337847709656, 0.465219646692276, 0.46815359592437744, 0.4675494432449341, 0.45862051844596863, 0.43748024106025696, 0.4637872278690338, 0.5184279680252075, 0.4676071107387543, 0.4440345764160156, 0.46120038628578186, 0.4284351170063019, 0.4083384573459625, 0.4486513137817383, 0.42643487453460693, 0.39750218391418457, 0.4091254770755768, 0.37440258264541626, 0.38746175169944763, 0.45715317130088806, 0.3848345875740051, 0.4186776876449585, 0.3576206862926483, 0.4069474935531616, 0.3749256730079651, 0.358525812625885, 0.4159393012523651, 0.42492321133613586, 0.36762356758117676, 0.37243786454200745, 0.3263201415538788, 0.3437231183052063, 0.35550397634506226, 0.3203023374080658, 0.38174736499786377, 0.3829838037490845, 0.3048624098300934, 0.3466920256614685, 0.35471850633621216, 0.33580154180526733, 0.3026939034461975, 0.3106711804866791, 0.3349066972732544, 0.3012565076351166, 0.30914396047592163, 0.32991570234298706, 0.2803475260734558, 0.32071220874786377, 0.30353739857673645, 0.2639416754245758, 0.2977428734302521, 0.3048813045024872, 0.2897098958492279, 0.30721691250801086, 0.32185637950897217, 0.2988581955432892, 0.2798846364021301, 0.31289172172546387, 0.2878945469856262], "categorical_accuracy": [0.10288966447114944, 0.30035024881362915, 0.4943082332611084, 0.6243432760238647, 0.7521891593933105, 0.788966715335846, 0.7907180190086365, 0.8362522125244141, 0.8432574272155762, 0.8537653088569641, 0.8756567239761353, 0.8550788164138794, 0.8734676241874695, 0.8756567239761353, 0.8800350427627563, 0.8879159092903137, 0.8997372984886169, 0.8730297684669495, 0.8830998539924622, 0.9023642539978027, 0.8971103429794312, 0.8975481390953064, 0.9084938764572144, 0.9010508060455322, 0.9093695282936096, 0.9159369468688965, 0.9159369468688965, 0.9255691766738892, 0.9369527101516724, 0.9220665693283081, 0.9084938764572144, 0.9303852915763855, 0.9185639023780823, 0.9251313209533691, 0.932136595249176, 0.9242556691169739, 0.9211909174919128, 0.943082332611084, 0.9295096397399902, 0.9352014064788818, 0.9347635507583618, 0.9395796656608582, 0.9316987991333008, 0.917688250541687, 0.9264448285102844, 0.9352014064788818, 0.9216287136077881, 0.9360770583152771, 0.9439579844474792, 0.9343257546424866, 0.9312609434127808, 0.946584939956665, 0.9413309693336487, 0.9487740993499756, 0.9413309693336487, 0.9260070323944092, 0.9413309693336487, 0.9387040138244629, 0.9505254030227661, 0.943082332611084, 0.9443957805633545, 0.9448336362838745, 0.9347635507583618, 0.928633987903595, 0.943082332611084, 0.942644476890564, 0.9544658660888672, 0.9500875473022461, 0.9487740993499756, 0.9505254030227661, 0.9338878989219666, 0.9356392025947571, 0.9544658660888672, 0.9474605917930603, 0.9404553174972534, 0.9500875473022461, 0.957092821598053, 0.957092821598053, 0.9470227956771851, 0.9544658660888672, 0.9518388509750366, 0.9496497511863708, 0.9658493995666504, 0.9522767066955566, 0.9492118954658508, 0.9636602401733398, 0.9579684734344482, 0.9492118954658508, 0.9522767066955566, 0.9478984475135803, 0.9527145624160767, 0.956654965877533, 0.961033284664154, 0.9487740993499756, 0.9531523585319519], "top_3_accuracy": [0.22197897732257843, 0.5271453857421875, 0.7333624958992004, 0.8353765606880188, 0.9163748025894165, 0.9391418695449829, 0.9365149140357971, 0.9531523585319519, 0.9649737477302551, 0.9623467326164246, 0.9645358920097351, 0.9592819809913635, 0.9640980958938599, 0.9732924699783325, 0.9776707291603088, 0.9728546142578125, 0.9811733961105347, 0.9662871956825256, 0.9776707291603088, 0.9811733961105347, 0.9767950773239136, 0.9776707291603088, 0.9772329330444336, 0.9781085848808289, 0.9763572812080383, 0.9824868440628052, 0.9846760034561157, 0.9864273071289062, 0.9894921183586121, 0.9838003516197205, 0.9824868440628052, 0.985989511013031, 0.9833624958992004, 0.9838003516197205, 0.9864273071289062, 0.9877408146858215, 0.9820490479469299, 0.9886164665222168, 0.9899299740791321, 0.9877408146858215, 0.9864273071289062, 0.985989511013031, 0.9868651628494263, 0.9838003516197205, 0.9877408146858215, 0.9881786108016968, 0.9833624958992004, 0.989054262638092, 0.9916812777519226, 0.9877408146858215, 0.989054262638092, 0.9881786108016968, 0.9894921183586121, 0.9921190738677979, 0.9873029589653015, 0.985551655292511, 0.9929947257041931, 0.9851138591766357, 0.9929947257041931, 0.9842382073402405, 0.989054262638092, 0.9894921183586121, 0.9851138591766357, 0.9873029589653015, 0.989054262638092, 0.9877408146858215, 0.9908056259155273, 0.9886164665222168, 0.9894921183586121, 0.989054262638092, 0.9886164665222168, 0.985989511013031, 0.9947460889816284, 0.9903677701950073, 0.9886164665222168, 0.9929947257041931, 0.9894921183586121, 0.9916812777519226, 0.9886164665222168, 0.9938703775405884, 0.9916812777519226, 0.9916812777519226, 0.9943082332611084, 0.9921190738677979, 0.996497392654419, 0.9947460889816284, 0.9925569295883179, 0.9943082332611084, 0.9938703775405884, 0.9943082332611084, 0.9877408146858215, 0.9943082332611084, 0.9921190738677979, 0.9903677701950073, 0.9916812777519226], "val_loss": [4.440794467926025, 3.797197103500366, 2.2438511848449707, 1.5305649042129517, 1.3134878873825073, 1.1658024787902832, 1.1594066619873047, 0.9908878803253174, 0.9073865413665771, 0.8999673128128052, 0.7961888313293457, 0.7571794986724854, 0.7866691946983337, 0.6717993021011353, 0.6388862729072571, 0.6141903400421143, 0.5835621953010559, 0.5367802381515503, 0.5105996131896973, 0.4711476266384125, 0.4705427885055542, 0.4496961534023285, 0.44113150238990784, 0.4550936818122864, 0.4141407608985901, 0.38595330715179443, 0.38631710410118103, 0.3861524760723114, 0.37722960114479065, 0.35010936856269836, 0.3585706651210785, 0.3191213607788086, 0.3088654577732086, 0.30355849862098694, 0.3663542866706848, 0.2921939194202423, 0.2896662652492523, 0.293630987405777, 0.3037945628166199, 0.27980202436447144, 0.2727417051792145, 0.2644515335559845, 0.27785009145736694, 0.2623745799064636, 0.24657051265239716, 0.2425386905670166, 0.24767246842384338, 0.24792690575122833, 0.2199098765850067, 0.2182593196630478, 0.2355317771434784, 0.2205800712108612, 0.21323789656162262, 0.21941253542900085, 0.19868099689483643, 0.23210184276103973, 0.21966835856437683, 0.1991855651140213, 0.21061021089553833, 0.21759606897830963, 0.22888986766338348, 0.23118674755096436, 0.1948031485080719, 0.2343112677335739, 0.21550700068473816, 0.19930912554264069, 0.2003474086523056, 0.19398312270641327, 0.2060151994228363, 0.18415464460849762, 0.17645445466041565, 0.18252423405647278, 0.17644105851650238, 0.17735956609249115, 0.18150684237480164, 0.17776300013065338, 0.16112880408763885, 0.1713423728942871, 0.15735864639282227, 0.16807696223258972, 0.16572611033916473, 0.15425682067871094, 0.1616261899471283, 0.16483306884765625, 0.1513132005929947, 0.15344083309173584, 0.17193567752838135, 0.18369506299495697, 0.16427047550678253, 0.17750981450080872, 0.1699589639902115, 0.17615188658237457, 0.18995335698127747, 0.1776084154844284, 0.17599034309387207],